Workspace	Created	Bucket Name	Discovery Count	Family Count	Participant Count	Sample Count	Subject Count	File Size
AnVIL_CMG_Broad_Muscle_KNC_WGS	2019-06-06T17:33:03.378Z	fc-secure-004e5c03-d24d-4f7f-a26b-9fdc64b0ca3c	14	14	0	14	14	2.48E+11
anvil_ccdg_broad_ai_ibd_daly_niddk_cho_wes	2020-07-23T19:21:06.136Z	fc-secure-00737009-4e0f-454d-bb02-4b70566a0ed2	0	0	2975	2058	0	2.87E+12
AnVIL_CCDG_Broad_NP_Epilepsy_ITAUBG_DS_EPI_NPU_MDS_WES	2019-12-10T19:46:20.837Z	fc-secure-01106611-a0e9-41bb-ac13-27683ab2fc19	0	0	605	605	0	8.51E+11
AnVIL_CMG_BaylorHopkins_HMB-NPU_WES	2021-02-04T14:00:02.522Z	fc-secure-01716d0c-bf96-4d6d-8af1-b93079ba34cd	0	0	0	2054	0	3.12E+13
AnVIL_CCDG_Broad_NP_Epilepsy_USAMGH_MGBB_HMB_MDS_WES	2020-11-03T19:48:46.214Z	fc-secure-04e82709-08e0-4335-aaef-ba55089f6fd9	0	0	44	44	0	3.69E+10
AnVIL_CCDG_Broad_NP_Epilepsy_USACRW_EPI_ASZ_MED_MDS_WES	2019-12-12T16:15:10.294Z	fc-secure-05e511c4-0b47-41a5-a361-99f747cbef6c	0	0	37	37	0	6.12E+10
ANVIL_CMG_Broad_Muscle_Laing_WES	2019-06-21T15:36:09.582Z	fc-secure-0709e235-78d6-4915-9c99-92e4984dedb9	31	31	0	31	31	7.82E+10
AnVIL_CCDG_WashU_CVD_EOCAD_BioMe_WGS	2019-06-06T17:33:34.602Z	fc-secure-07fcf1c8-7442-4047-826b-8fe723325ba2	0	0	647	648	0	9.87E+12
AnVIL_ccdg_asc_ndd_daly_talkowski_chung_asd_exome	2020-04-24T00:32:17.849Z	fc-secure-08bb70e6-9fa1-40dc-8822-41d73945c053	0	0	523	523	0	8.30E+11
AnVIL_CCDG_Broad_CVD_EOCAD_TaiChi_WGS	2019-06-06T17:33:18.715Z	fc-secure-09e06b8a-30e8-47a8-8faa-ec7201bc120d	0	0	773	773	0	1.51E+13
AnVIL_CCDG_WashU_CVD_Eufam_WGS	2020-11-13T17:51:59.631Z	fc-secure-0aabe38b-bfbd-40ee-83fa-23e70329be00	0	0	87	87	0	1.33E+12
AnVIL_CCDG_Broad_AI_IBD_Brant_DS-IBD_WGS	2019-06-06T17:33:30.105Z	fc-secure-0ac23157-c61b-47c0-9567-a5296e124a84	0	0	199	199	0	2.61E+12
AnVIL_ccdg_asc_ndd_daly_talkowski_ac-boston_asd_exome	2020-04-24T19:18:23.171Z	fc-secure-0aedc988-3736-496c-b7ac-20cca5b3ceb9	0	0	757	757	0	1.27E+12
AnVIL_CCDG_WashU_AI_T1D_T1DGC_WGS	2019-06-06T17:34:15.592Z	fc-secure-0b19bbb9-481f-404d-a4a6-3024b7c4b698	0	0	3397	3397	0	5.73E+13
AnVIL_CCDG_WashU_CVD_Wisconsin_WGS	2020-11-13T17:57:15.841Z	fc-secure-0c8958a9-8b70-421e-81a5-a30a3a332e55	0	0	84	84	0	1.28E+12
anvil_nhgri_broad_ibd_daly_kugathasan_wes	2019-10-23T19:52:55.615Z	fc-secure-0ca0c5e6-26ca-47ea-b509-ec4eaa058fc6	0	0	546	546	0	8.10E+11
AnVIL_CCDG_Broad_NP_Epilepsy_AUSAUS_EPI_BA_ID_MDS_WES	2019-12-09T20:57:46.909Z	fc-secure-0de89e54-2149-4e06-81f9-da5af48c68a3	0	0	24	24	0	4.46E+10
AnVIL_PAGE_BioMe_GRU_WGS	2020-12-15T21:19:22.393Z	fc-secure-0e71f746-0db3-4ff7-ba65-4a454d8ff0e1	0	0	0	307	307	7.99E+12
AnVIL_CMG_Broad_Orphan_VCGS-White_WES	2019-06-06T17:32:41.575Z	fc-secure-0e876de4-dc38-4e3d-98c0-822963e9df17	447	447	230	677	447	1.06E+12
anvil_ccdg_broad_ai_ibd_niddk_daly_silverberg_wes	2019-10-31T15:56:35.533Z	fc-secure-0eba3dae-89be-4642-8982-9a80a7428cd2	0	0	2444	2462	0	3.34E+12
AnVIL_CCDG_Broad_NP_Epilepsy_FINKPH_EPIL_CO_MORBIDI_MDS_WES	2019-12-05T14:38:47.788Z	fc-secure-0f948ad2-2ae8-433c-9f0c-941c4c5e4a89	0	0	904	904	0	1.37E+12
AnVIL_CCDG_Broad_NP_Epilepsy_DEUUTB_HMB-NPU-MDS_WES	2019-11-14T17:00:22.407Z	fc-secure-0fc5a889-f57e-40a1-9859-c5b1e8a196d1	0	0	1654	1654	0	2.31E+12
AnVIL_CCDG_Broad_CVD_AFib_Penn_WGS	2019-06-06T17:33:13.689Z	fc-secure-10b393b7-8607-4999-b1c5-18b9aabb49d6	0	0	418	418	0	8.56E+12
AnVIL_PAGE_Stanford_Global_Reference_Panel_GRU_WGS	2020-12-15T21:34:05.759Z	fc-secure-1114cae3-387f-4277-8a1f-0b912487b224	0	0	0	78	78	1.87E+12
AnVIL_CMG_Broad_Muscle_Myoseq_WES	2019-06-06T17:32:36.656Z	fc-secure-111d9846-e5b6-428f-bfcb-b6cf57a6ae8c	1280	1280	0	1280	1280	2.30E+12
AnVIL_CCDG_Broad_NP_Epilepsy_USAUPN_Marsh_GRU_WES	2020-10-26T19:45:01.226Z	fc-secure-124c02b9-69b7-468c-b3d7-4a07aee74dc5	0	0	341	341	0	3.91E+11
AnVIL_CCDG_Broad_NP_Epilepsy_BELULB_DS-EP-NPU_WES	2019-11-21T15:33:42.324Z	fc-secure-13597242-de35-44e2-b8fb-b5fa0b983501	0	0	415	415	0	6.61E+11
anvil_ccdg_broad_ai_ibd_daly_vermeire_wes	2019-11-14T21:23:21.259Z	fc-secure-1614d6d2-d053-4de0-9b97-cc4b0762f547	0	0	4719	4719	0	4.64E+12
AnVIL_CMG_Broad_Heart_Ware_WES	2019-06-06T17:32:28.254Z	fc-secure-16d26258-a516-4b26-b5d1-f17d785fbc70	10	10	0	10	10	1.82E+10
AnVIL_ccdg_asc_ndd_daly_talkowski_lattig_asd_exome	2020-05-05T15:47:28.439Z	fc-secure-16e0c63c-847a-42ef-91ca-3523b3668357	0	0	487	487	0	4.37E+11
AnVIL_CCDG_Broad_NP_Epilepsy_TURBZU_GRU_WES	2019-12-03T19:42:54.155Z	fc-secure-17d8dbc9-d1d8-4d5d-8eb7-c1b82bef24d8	0	0	208	208	0	3.43E+11
AnVIL_CCDG_WashU_CVD_EOCAD_Harvard-Costa-Rica_WGS	2019-06-06T17:33:44.347Z	fc-secure-19ae92b3-86a1-4ec5-a8dc-f9d1ea226c4c	0	0	3088	3088	0	4.41E+13
AnVIL_CCDG_WashU_CVD_EOCAD_WashU-CAD_GRU-IRB_WGS	2019-06-06T17:35:14.495Z	fc-secure-1a841909-2e43-4c83-8b66-ba15aceecfee	0	0	265	265	0	4.75E+12
AnVIL_CCDG_Broad_CVD_EOCAD_VIRGO_WGS	2019-06-06T17:33:44.539Z	fc-secure-1b2f65a3-61f8-4ce1-93ad-65b690c1f043	0	0	2158	2159	0	3.78E+13
AnVIL_CCDG_Baylor_CVD_HemStroke_Yale_HMB_WGS	2020-12-02T00:48:54.462Z	fc-secure-1d07990d-3332-4233-ad22-18d701ae7ead	0	0	185	185	0	3.15E+12
AnVIL_CCDG_Broad_CVD_AFib_AFLMU_WGS	2019-06-06T17:33:10.164Z	fc-secure-1e391fda-00d2-4dc9-94f2-845e59d57117	0	0	248	248	0	5.37E+12
AnVIL_CMG_Broad_Muscle_Beggs_WES	2019-06-06T17:32:28.377Z	fc-secure-1e74f991-d0bb-4b99-b3fc-aad5cf94069c	109	222	439	439	109	3.96E+11
AnVIL_CCDG_Broad_CVD_AFib_GENAF_WGS	2019-06-06T17:33:14.387Z	fc-secure-1fb85b31-9a1e-46ef-a206-41040d151f94	0	0	90	90	0	1.88E+12
AnVIL_CCDG_WashU_CVD_EOCAD_METSIM_WGS	2019-06-06T17:33:53.551Z	fc-secure-2011b97c-a9c9-4a13-8911-f3833be31253	0	0	9477	9477	0	1.34E+14
AnVIL_CCDG_NYGC_NP_Autism_HFA_DS_WGS	2020-11-06T19:40:55.398Z	fc-secure-203efee5-de46-4cb1-9374-3c5be56e5a5e	0	0	509	509	0	1.02E+13
AnVIL_CMG_Broad_Blood_Sankaran_WGS	2020-06-01T17:06:08.961Z	fc-secure-2069fdfd-aef5-4321-a69f-94bdff6396d8	0	0	96	96	0	1.61E+12
AnVIL_CCDG_Broad_CVD_AFib_JHU_WGS	2019-06-06T17:33:26.450Z	fc-secure-2085a664-58a9-404c-ae57-210fb19806fb	0	0	290	290	0	5.45E+12
AnVIL_CCDG_Broad_CVD_AFib_MPP_WGS	2019-06-06T17:33:33.450Z	fc-secure-20d7c83f-35a7-4b7e-9a1b-c40bfdff29b2	0	0	118	118	0	2.55E+12
AnVIL_CCDG_WashU_CVD_EOCAD_Finland-CHD_WGS	2019-06-06T17:34:01.641Z	fc-secure-215c5ec0-940a-4808-9353-667f3a3af3c3	0	0	155	155	0	3.09E+12
AnVIL_ccdg_asc_ndd_daly_talkowski_puura_asd_exome	2020-04-24T13:26:42.794Z	fc-secure-2180b508-ce9d-4535-aa9f-f07d5917025c	0	0	209	209	0	3.29E+11
AnVIL_CCDG_NYGC_NP_Alz_LOAD_WGS	2019-06-06T17:35:03.847Z	fc-secure-21c6905e-06c8-45f2-b6ed-ffba467f7f75	0	0	0	1049	1049	2.45E+13
AnVIL_CCDG_Broad_NP_Epilepsy_GBRSWU_CARDI_NEURO_WES	2019-11-22T20:06:46.189Z	fc-secure-21cd882f-8470-4c2e-93dc-536a908bae73	0	0	305	305	0	3.84E+11
AnVIL_CCDG_NYGC_NP_Autism_SSC_WGS	2019-06-06T17:35:09.430Z	fc-secure-22693da1-7a53-4115-9b93-98856c7c1ca8	0	0	0	9201	9201	2.27E+14
anvil_ccdg_broad_ai_ibd_daly_faubion_share_wes	2020-10-19T18:51:31.280Z	fc-secure-228fd6fd-e0f7-4895-a246-3b055be27aa1	0	0	904	904	0	7.91E+11
AnVIL_CCDG_Broad_NP_Epilepsy_CHEUBB_HMB_IRB_MDS_WES	2019-11-22T16:28:02.709Z	fc-secure-240e1629-6d73-42ab-a373-1abeec17824c	0	0	47	47	0	4.39E+10
AnVIL_CCDG_WashU_CVD_Kanazawa_WGS	2020-11-13T17:56:55.400Z	fc-secure-2513a28a-aff0-422a-b650-9c05fa6800c3	0	0	273	273	0	3.05E+12
AnVIL_CCDG_WashU_CVD_EOCAD_Penn_WGS	2019-06-06T17:34:37.791Z	fc-secure-25f8efc0-42fc-48d5-9a39-53c131c4d6ef	0	0	1356	1356	0	2.70E+13
AnVIL_CCDG_NYGC_NP_Autism_ACE2_DS-MDS_WGS	2019-06-06T17:34:01.490Z	fc-secure-285cdab6-0292-4c49-b22f-5232df22e9a7	0	0	0	146	146	3.19E+12
AnVIL_PAGE_MEC_GRU_WGS	2020-12-15T20:59:57.019Z	fc-secure-286b80a7-cd88-4feb-bc4b-b497c13b7fa2	0	0	0	70	70	1.71E+12
anvil_ccdg_broad_ai_ibd_niddk_daly_brant_wes	2019-10-31T19:08:28.484Z	fc-secure-29cd113f-7eca-4526-aa52-dde1b8cb41d0	0	0	1078	1081	0	1.20E+12
AnVIL_CCDG_Broad_NP_Epilepsy_BELATW_GRU_WES	2019-11-21T20:59:30.558Z	fc-secure-2a64d87a-8f6c-418f-87bb-bd0fb4ecd806	0	0	107	107	0	1.92E+11
AnVIL_CCDG_Broad_NP_Epilepsy_HKOSB_GRU_WES	2020-10-18T23:14:19.181Z	fc-secure-2b4d5d05-d951-4e51-8ece-7e851660f91a	0	0	114	114	0	1.01E+11
AnVIL_CCDG_Broad_CVD_AFib_MGH_WGS	2019-06-06T17:33:21.193Z	fc-secure-2c4bf327-7583-4aee-b2c2-4575abdea4ca	0	0	105	105	0	2.32E+12
AnVIL_ccdg_asc_ndd_daly_talkowski_kolevzon_asd_wgs	2020-09-23T13:23:11.866Z	fc-secure-2e284171-99ef-45b5-9261-b99a9208b241	0	0	27	27	0	4.70E+11
AnVIL_CCDG_Baylor_CVD_Oregon_SUDS_GRU_WGS	2020-12-02T00:42:41.660Z	fc-secure-2ecd823d-d20c-453d-a798-7fe21c195be7	0	0	2216	2216	0	3.85E+13
AnVIL_CCDG_NYGC_AI_Asthma_Gala2_WGS	2019-06-06T17:34:27.515Z	fc-secure-2f25349b-e646-426d-8aa7-3a7e779d70fa	0	0	0	1171	1171	2.87E+13
anvil_ccdg_broad_ai_ibd_daly_newberry_share_wes	2020-10-19T18:50:28.596Z	fc-secure-2fa3df40-c189-41ee-b5ba-484a0b77ef77	0	0	925	925	0	8.75E+11
AnVIL_CCDG_Broad_NP_Epilepsy_GBRUNL_GRU_WES	2019-12-09T22:06:06.628Z	fc-secure-315a127f-649d-4928-b4e0-cdca7d898e05	0	0	55	55	0	1.19E+11
AnVIL_CCDG_Broad_MI_BRAVE_GRU_WES	2020-06-09T19:42:39.592Z	fc-secure-31d85e96-7fa0-4c2e-a89a-fe5c70845fd7	0	0	1496	1496	0	2.47E+12
AnVIL_CCDG_Broad_NP_Epilepsy_ITAUMR_GRU_NPU_WES	2019-12-02T20:42:57.512Z	fc-secure-32a2f8aa-4f72-43e9-9450-bbf661bde5ef	0	0	1086	1086	0	1.86E+12
AnVIL_CCDG_Broad_NP_Epilepsy_LTUUHK_HMB_NPU_MDS_WES	2019-12-09T20:15:49.949Z	fc-secure-330f768f-83c4-4570-ae46-0626b477d2b0	0	0	296	296	0	4.76E+11
AnVIL_CCDG_WashU_CVD_Brazil-CVD_WGS	2020-11-13T17:49:25.759Z	fc-secure-3824ddf8-5512-4dee-bdd5-b17ddc111ca7	0	0	3608	3608	0	3.80E+13
AnVIL_CCDG_Broad_AI_IBD_McGovern_WGS	2019-06-06T17:33:14.319Z	fc-secure-386d1d06-75c7-4683-b1ca-62e0d7ac3700	0	0	1633	1633	0	2.34E+13
AnVIL_CMG_Broad_Blood_Gazda_WGS	2019-06-12T15:38:03.463Z	fc-secure-391028be-a06b-460c-b2fd-409feee6a275	0	0	0	0	0	0
AnVIL_CCDG_Broad_NP_Epilepsy_USAUPN_Marsh_GRU_NPU_WES	2020-10-26T19:48:04.745Z	fc-secure-39458ab6-c2d3-49e2-b6d5-8bb3bae9a245	0	0	41	41	0	4.26E+10
AnVIL_CCDG_WashU_CVD_EOCAD_BioImage_WGS	2019-06-14T17:31:36.568Z	fc-secure-3aa171b5-8208-4467-8743-c7879f3da6da	0	0	0	922	0	1.76E+13
AnVIL_CMG_Broad_Orphan_Estonia-Ounap_WES	2019-06-06T17:32:39.126Z	fc-secure-3b2bc739-bbc0-4b14-80fa-65dcf17eac3b	31	31	0	31	31	7.62E+10
AnVIL_CCDG_Broad_NP_Epilepsy_IRLRCI_GRU_IRB_WES	2019-11-27T19:24:38.907Z	fc-secure-3b588f92-0298-4ad6-b75d-fa16de8b718d	0	0	933	933	0	1.53E+12
anvil_ccdg_broad_ai_ibd_daly_mccauley_wes	2019-11-25T15:37:53.564Z	fc-secure-3c4843c0-b83f-4ba1-9bba-9c9a599f3ffb	0	0	1749	1749	0	1.55E+12
AnVIL_CCDG_Broad_NP_Epilepsy_DEUULG_GRU_WES	2019-12-02T22:03:50.122Z	fc-secure-3e71d768-9da9-4845-9e2c-7e909db92cb7	0	0	90	90	0	1.51E+11
anvil_ccdg_broad_ai_ibd_daly_lewis_ccfa_wes	2020-04-06T19:34:06.665Z	fc-secure-3fdbe020-6bdb-4668-bcb8-0d0df9d4ba8a	0	0	2860	2860	0	2.61E+12
AnVIL_CMG_Broad_Eye_Pierce_WES	2019-06-06T17:32:33.577Z	fc-secure-3fe2e7df-0927-453d-a21c-d01ee9ed37cd	602	602	0	602	602	1.50E+12
AnVIL_CMG_Broad_Orphan_Estonia-Ounap_WGS	2019-06-06T17:32:51.909Z	fc-secure-4220b594-e88e-4468-b4ff-ef782fd51d15	115	115	0	115	115	2.03E+12
AnVIL_CMG_Broad_Muscle_Topf_WES	2019-06-06T17:32:38.960Z	fc-secure-42c87858-73f5-49bf-bbc1-05974a4262b4	722	722	1	723	722	1.20E+12
AnVIL_HPRC	2020-03-12T16:08:42.379Z	fc-4310e737-a388-4a10-8c9e-babe06aaf0cf	0	0	47	57	0	1.95E+14
AnVIL_T2T	2021-02-24T00:52:18.922Z	fc-47de7dae-e8e6-429c-b760-b4ba49136eee	0	0	0	0	0	5.03E+14
AnVIL_CCDG_Broad_NP_Epilepsy_AUSRMB_DS-EAED-MDS_WES	2019-11-21T15:57:37.643Z	fc-secure-4931149d-9e71-4865-9f41-3e4c998ffb38	0	0	383	383	0	5.81E+11
AnVIL_CCDG_Broad_AI_IBD_Cho_WGS	2019-06-06T17:33:48.272Z	fc-secure-4984306f-6ceb-48a0-87d5-a6c4ef499867	0	0	345	344	0	5.26E+12
AnVIL_CCDG_NYGC_NP_Autism_SAGE_WGS	2019-06-06T17:34:25.221Z	fc-secure-4a5440e0-1b04-42c6-a1b4-e8249a578727	0	0	0	1501	1501	3.16E+13
AnVIL_CCDG_Broad_Spalletta_HMB_NPU_MDS_WES	2019-12-12T19:45:50.766Z	fc-secure-4c07a18a-8c79-4b81-acbe-91083298f1e4	0	0	102	102	0	1.64E+11
AnVIL_CCDG_NYGC_NP_Autism_PELPHREY_ACE_DS_WGS	2020-11-06T19:41:50.102Z	fc-secure-4c1fdb5d-53b0-4a2f-88bd-da63817348d7	0	0	47	47	0	7.36E+11
AnVIL_CCDG_Broad_AI_IBD_Newberry_WGS	2019-06-06T17:34:12.895Z	fc-secure-4c6f587f-be8c-4bb8-9053-7a85ed68ed3e	0	0	31	31	0	3.88E+11
AnVIL_CCDG_Broad_MI_ATVB_DS_CVD_WES	2019-12-19T19:47:02.965Z	fc-secure-4d47049d-9a31-435d-8c97-61cffce9a83b	0	0	58	58	0	1.05E+11
AnVIL_CMG_Broad_Blood_Sankaran_WES	2019-06-06T14:24:21.413Z	fc-secure-4dda26e8-0e9d-4162-a8b3-73c65b82ef31	277	277	33	310	277	5.64E+11
AnVIL_CCDG_Broad_NP_Epilepsy_DEUPUM_HMB_MDS_WES	2020-10-18T20:07:15.166Z	fc-secure-51198b17-37ae-44b7-8513-c11c4bfe3a9d	0	0	325	325	0	4.36E+11
AnVIL_CCDG_Broad_NP_Epilepsy_USACCH_DS_NEURO_MDS_WES	2020-05-12T03:03:54.798Z	fc-secure-516245cb-7dcc-487d-acf7-43e5fb10085f	0	0	358	358	0	6.33E+11
AnVIL_ccdg_asc_ndd_daly_talkowski_menashe_asd_exome	2020-04-24T12:09:02.198Z	fc-secure-51a26e99-63eb-442a-869d-87ecbc60c814	0	0	701	701	0	7.38E+11
AnVIL_ccdg_asc_ndd_daly_talkowski_AGRE_asd_exome	2020-04-24T12:25:32.904Z	fc-secure-538d85ea-c436-43f9-b001-4db614ed96bf	0	0	844	844	0	1.54E+12
AnVIL_CCDG_Broad_NP_Epilepsy_GHAKNT_GRU_WES	2020-05-13T15:30:58.295Z	fc-secure-550ffe2e-04fd-4763-b7d2-09f0c59083e4	0	0	642	642	0	5.57E+11
AnVIL_ccdg_asc_ndd_daly_talkowski_domenici_asd_exome	2020-04-24T15:53:26.687Z	fc-secure-55225e12-ec4c-42e0-a5d1-986c87c6d129	0	0	713	713	0	1.20E+12
1000G-high-coverage-2019	2019-02-22T19:11:11.069Z	fc-56ac46ea-efc4-4683-b6d5-6d95bed41c5e	0	0	3202	3202	0	7.30E+13
AnVIL_CCDG_Baylor_CVD_HemStroke_ERICH_WGS	2019-06-06T17:35:15.655Z	fc-secure-585ef3f0-76a9-40ae-8ed3-a47190c3148f	0	0	2558	2558	0	5.02E+13
AnVIL_CCDG_NYGC_NP_Alz_EFIGA_WGS	2019-06-06T17:34:40.103Z	fc-secure-588b9330-ec2f-4652-86cd-f6f57b4aecbf	0	0	1875	1875	0	4.23E+13
anvil_ccdg_broad_ai_ibd_daly_kupcinskas_wes	2019-10-29T18:33:14.443Z	fc-secure-589e3f7a-7b24-46cf-aefd-63b05155d826	0	0	2285	2285	0	3.73E+12
AnVIL_CCDG_Broad_NP_Epilepsy_ITAIGI_GRU_WES	2019-11-27T19:43:12.791Z	fc-secure-59d2af1f-3dc0-407b-b7ab-05cdcfa4da8f	0	0	1149	1149	0	1.70E+12
AnVIL_CCDG_Baylor_CVD_EOCAD_SoL_WGS	2019-06-06T17:34:56.435Z	fc-secure-5a7daa8b-9c5d-4b8d-a312-85e6c8af0197	0	0	9083	9083	0	2.00E+14
AnVIL_CMG_Broad_Muscle_Kang_WES	2019-06-06T17:32:34.748Z	fc-secure-5f2d0e58-2d30-4026-be53-3878043f0044	49	49	0	49	49	1.03E+11
AnVIL_CCDG_Baylor_CVD_AFib_BioVU_WGS	2019-06-06T17:34:47.973Z	fc-secure-5f3216ed-69ff-431f-ad1c-328d03ff3c80	0	0	0	1122	1122	2.68E+13
AnVIL_ccdg_asc_ndd_daly_talkowski_TASC_asd_exome	2020-04-24T12:29:54.347Z	fc-secure-5f916770-fded-4540-b4b6-49f88b8e05fc	0	0	3173	3173	0	5.29E+12
AnVIL_CMG_Broad_Kidney_Hildebrandt_WES	2019-06-06T17:32:27.350Z	fc-secure-5fe35c0c-4f8d-4f7d-8de6-7cba7cd9e01d	1222	1222	0	1222	1222	2.41E+12
AnVIL_NIMH_Broad_WGSPD1_McCarroll_Pato_GRU_WGS	2020-07-22T19:10:19.630Z	fc-secure-60efd02c-dae9-4272-a926-f47ae6a7a893	0	0	0	0	0	1.20E+14
AnVIL_CCDG_Broad_CVD_AF_BioVU_HMB_GSO_WES	2020-05-20T15:11:27.479Z	fc-secure-6513d7e1-2dbb-41a2-baea-3f7fdbcbb620	0	0	5031	5031	0	4.65E+12
AnVIL_CCDG_Broad_NP_Epilepsy_LEBABM_DS_Epilepsy_WES	2020-01-23T15:58:16.767Z	fc-secure-652024de-0ecd-4de3-8360-c8c5bfcafd72	0	0	392	392	0	4.64E+11
AnVIL_ccdg_asc_ndd_daly_talkowski_passos-bueno_asd_exome	2020-04-28T20:15:34.400Z	fc-secure-6537d7f6-f29f-432b-b66e-8cf2204b7920	0	0	941	941	0	1.31E+12
AnVIL_CMG_Broad_Muscle_OGrady_WES	2019-06-06T17:32:38.914Z	fc-secure-65d7db7a-ceca-4b3a-aada-d45ec1c7b541	73	73	24	97	73	1.35E+11
AnVIL_CCDG_WashU_CVD_Indiana_WGS	2020-11-13T17:53:53.081Z	fc-secure-65eb240a-fda1-4c9b-90ff-2476751bc967	0	0	1175	1175	0	1.20E+13
AnVIL_CCDG_Broad_NP_Epilepsy_TURIBU_DS_NEURO_AD_NPU_WES	2019-12-09T20:23:28.500Z	fc-secure-674fbd89-9eeb-4e43-8a6f-97d6e50708e0	0	0	163	163	0	2.93E+11
AnVIL_CCDG_Broad_NP_Epilepsy_FINUVH_HMB_NPU_MDS_WES	2019-11-22T19:38:57.250Z	fc-secure-678eccb8-3463-4a72-8b57-69dfc8c77002	0	0	100	100	0	1.74E+11
AnVIL_ccdg_asc_ndd_daly_talkowski_AGRE-FEMF_asd_exome	2020-04-24T20:48:32.017Z	fc-secure-68998ffa-e550-422b-9834-e78ac8a32990	0	0	405	405	0	2188420940
anvil_ccdg_broad_ai_ibd_daly_bernstein_wes	2019-11-04T17:18:14.318Z	fc-secure-68b7e62f-132b-4818-bf64-6c38ec9152ab	0	0	536	536	0	4.65E+11
AnVIL_ccdg_asc_ndd_daly_talkowski_control_NIMH_asd_exome	2020-04-28T20:34:04.608Z	fc-secure-6a2f53f1-6712-48a9-a7b2-3289b8df877b	0	0	370	370	0	9.61E+11
AnVIL_CCDG_Broad_NP_Epilepsy_USABCH_EPI_MUL_CON_MDS_WES	2019-12-10T16:37:06.422Z	fc-secure-6bc832d1-a35b-4676-bf68-a5772e2be044	0	0	318	318	0	4.24E+11
AnVIL_CCDG_Broad_NP_Epilepsy_CZEMTH_GRU_WES	2019-11-22T16:04:59.207Z	fc-secure-6c21e787-1a4b-4235-b756-9ce6096fc815	0	0	16	16	0	2.73E+10
AnVIL_CCDG_Baylor_CVD_HemStroke_Duke_DS_WGS	2020-12-02T00:46:14.213Z	fc-secure-6cb5e032-ae16-464a-859b-56384e40f1a3	0	0	60	60	0	8.67E+11
AnVIL_CCDG_TOPMED_Broad_CVD_EOCAD_PROMIS_WGS	2020-04-23T19:59:30.142Z	fc-secure-709943c7-62cd-4ba8-9e19-77cdae337f5d	0	0	3849	3849	0	7.31E+13
AnVIL_CMG_Broad_Brain_Gleeson_WES	2019-06-06T17:30:36.821Z	fc-secure-71257390-0f52-49ca-b63a-1e0c6c089e5d	1181	1181	0	1181	1181	3.06E+12
AnVIL_CMG_UWash_GRU	2020-05-21T16:21:19.327Z	fc-secure-723963fa-faec-4de1-bf37-12d3c22a417a	0	0	0	0	486	2.82E+13
AnVIL_CCDG_NYGC_NP_Autism_PELPHREY_ACE_GRU_WGS	2020-11-06T19:42:17.728Z	fc-secure-7248d8b7-e064-487c-9514-28a7cf0e271c	0	0	197	197	0	3.09E+12
anvil_nhgri_broad_ibd_daly_winter_wes	2019-10-25T18:36:18.933Z	fc-secure-72a949c5-0b7d-45c9-96c3-ff4d25815ed5	0	0	412	412	0	7.73E+11
anvil_ccdg_broad_ai_ibd_daly_louis_wes	2019-10-29T18:40:50.422Z	fc-secure-73036e74-c8b0-4e6f-9f4f-ca55b599d5d1	0	0	2120	2120	0	2.84E+12
AnVIL_PAGE_WHI_HMB-IRB_WGS	2020-12-15T21:35:03.756Z	fc-secure-756b92cc-ad23-41f2-8566-3620b1016886	0	0	0	235	235	5.43E+12
AnVIL_CCDG_Broad_NP_Epilepsy_CANUTN_DS-EP_WES	2019-11-21T15:42:27.275Z	fc-secure-75f95e44-299f-4666-bed3-46dd679b12d8	0	0	143	143	0	2.31E+11
AnVIL_CCDG_Broad_NP_Epilepsy_ITAUMC_DS_NEURO_MDS_WES	2019-12-09T19:40:26.424Z	fc-secure-7a160245-84eb-4383-80ed-f41c2411e702	0	0	412	412	0	6.43E+11
AnVIL_CCDG_WashU_CVD_SCCS_WGS	2020-11-13T17:58:26.225Z	fc-secure-7c502c02-435a-4cc6-a9bc-b2406d8079be	0	0	4326	4326	0	5.76E+13
AnVIL_CCDG_Broad_NP_Epilepsy_LEBABM_GRU_WES	2020-01-23T15:59:35.732Z	fc-secure-7c845669-3781-4ac0-bb59-1495d68d1d85	0	0	845	845	0	9.91E+11
AnVIL_ccdg_asc_ndd_daly_talkowski_renieri_asd_exome	2020-04-24T13:28:49.129Z	fc-secure-7e0893cd-4f31-41e4-b1d2-3e656097824a	0	0	765	765	0	9.36E+11
anvil_ccdg_broad_ai_ibd_daly_chung_gider_wes	2019-10-29T17:24:04.016Z	fc-secure-7e9fe869-643a-4828-a1b7-0245e34745ae	0	0	627	627	0	5.35E+11
AnVIL_CMG_Broad_Brain_Gleeson_WGS	2020-05-08T14:28:18.345Z	fc-secure-7fc34f8f-2b28-45cf-9856-432ed7ee4ede	0	0	0	0	0	0
AnVIL_CCDG_Broad_NP_Epilepsy_HKGHKK_HMB_MDS_WES	2019-12-12T16:36:12.935Z	fc-secure-84e57da6-4df9-45de-9f82-8a550887a7fa	0	0	665	665	0	6.45E+11
AnVIL_CCDG_Broad_NP_Autism_State-Sanders_WGS	2019-06-06T17:32:51.408Z	fc-secure-86684396-82a0-4f1b-a918-b90b039b922c	0	0	534	534	0	8.64E+12
AnVIL_ccdg_asc_ndd_daly_talkowski_barbosa_asd_exome	2020-04-24T01:36:40.946Z	fc-secure-86cbdfa9-cbc0-40fb-adfa-3dd467ae1062	0	0	213	213	0	3.50E+11
anvil_ccdg_broad_ai_ibd_niddk_daly_duerr_wes	2019-10-31T15:33:51.530Z	fc-secure-877e6c8c-72ef-46d0-b3f3-37dd175771fe	0	0	1866	1872	0	2.39E+12
AnVIL_CCDG_WashU_CVD_EOCAD_WashU-CAD_DS_WGS	2019-06-14T17:34:07.684Z	fc-secure-87fff435-fd01-4bd9-91b4-8670f7b19162	0	0	80	80	0	3.43E+12
ANVIL_CMG_YALE_DS-RARED	2021-02-12T17:52:51.174Z	fc-secure-88badcb3-692d-44c4-a9f8-bc14969c1b54	0	87	171	171	0	1.39E+11
AnVIL_CCDG_Baylor_CVD_HemStroke_BNI_HMB_WGS	2020-12-02T00:46:47.780Z	fc-secure-8976991f-e383-43db-86b5-3d1b15af0a51	0	0	160	160	0	2.61E+12
AnVIL_CMG_Broad_Kidney_Hildebrandt_WGS	2019-06-06T17:33:03.990Z	fc-secure-897c9696-eae5-4f73-acf3-9118f5e1e698	27	27	0	27	27	5.23E+11
AnVIL_CCDG_Broad_NP_Epilepsy_DEUUKL_HMB_WES	2019-11-22T19:51:39.573Z	fc-secure-8a282388-3c56-48c6-99c8-ea4b52c053b9	0	0	209	209	0	3.70E+11
AnVIL_ccdg_asc_ndd_daly_talkowski_herman_asd_exome	2020-04-24T12:27:42.343Z	fc-secure-8a297961-e042-4d02-826f-0322b3d7fbff	0	0	49	49	0	7.99E+10
AnVIL_CCDG_WashU_CVD_EOCAD_BioVu_WGS	2019-06-06T17:33:48.412Z	fc-secure-8e933d1a-d546-4267-967f-bc00d03f4880	0	0	624	624	0	1.19E+13
AnVIL_CCDG_Broad_NP_Epilepsy_DEUUKB_HMB_NPU_MDS_WES	2019-12-02T16:32:13.380Z	fc-secure-8ec82876-176f-4f33-ae98-0a3cae871ed4	0	0	2498	2498	0	3.78E+12
AnVIL_CMG_Broad_Blood_Gazda_WES	2019-06-12T15:38:47.262Z	fc-secure-91c2f2c0-a04f-4147-a5e4-971e3e8cbd8a	0	0	51	51	0	7.84E+10
AnVIL_NIMH_Broad_WGSPD1_McCarroll_Escamilla_DS_WGS	2020-07-22T19:12:18.246Z	fc-secure-945a70d2-6f85-4130-b624-038a2e171811	0	0	85	85	0	3.45E+12
AnVIL_CCDG_NYGC_NP_Autism_CAG_DS_WGS	2020-11-06T17:33:03.462Z	fc-secure-9472fed0-5f8d-4a1c-a778-9ae44d90462d	0	0	734	734	0	1.34E+13
AnVIL_CCDG_Broad_NP_Epilepsy_CYPCYP_HMB_NPU_MDS_WES	2019-11-22T15:58:16.811Z	fc-secure-94c90c12-376d-419a-96d9-ed37e1b1a5bb	0	0	179	179	0	2.90E+11
ANVIL_CMG_Yale_GRU	2021-02-12T17:54:12.562Z	fc-secure-95f51891-4082-405c-8373-457ce9fd0bce	0	759	1716	1731	0	1.54E+12
AnVIL_ccdg_asc_ndd_daly_talkowski_palotie_asd_exome	2020-04-24T12:30:28.083Z	fc-secure-977aa72f-e9ce-4fb6-b32b-c675b4ef25d5	0	0	153	153	0	2.11E+11
AnVIL_CCDG_Broad_CVD_AFib_Intermountain_WGS	2019-06-06T17:33:29.951Z	fc-secure-97f7b2db-e05f-4ac4-af27-6156169ca00a	0	0	464	464	0	9.07E+12
AnVIL_ccdg_asc_ndd_daly_talkowski_kolevzon_asd_exome	2020-04-24T12:09:00.666Z	fc-secure-980cd412-6b18-480a-b2f2-ad1543c06a91	0	0	1160	1160	0	1.54E+12
AnVIL_NIMH_Broad_WGSPD1_McCarroll_Pato_GRU_10XLRGenomes	2020-07-31T17:49:41.816Z	fc-secure-9850659f-c618-48d9-ae39-87ca3a860337	0	0	0	368	355	2.17E+13
AnVIL_CCDG_Broad_NP_Epilepsy_AUSAUS_EP_BA_CN_ID_MDS_WES	2019-12-11T21:45:17.939Z	fc-secure-986229e0-ac72-420d-bf0e-aa14dea63a05	0	0	1597	1597	0	2.60E+12
AnVIL_CCDG_Broad_NP_Epilepsy_USAFEB_GRU_WES	2020-05-28T18:04:33.619Z	fc-secure-98a7c433-bacc-44fd-96f6-faed04dd1c96	0	0	31	31	0	5.64E+10
AnVIL_ccdg_asc_ndd_daly_talkowski_hertz-picciotto_asd_exome	2020-04-28T20:28:12.823Z	fc-secure-9befa92f-ef34-4fcf-8df5-d085656e26dd	0	0	1537	1537	0	2.56E+12
AnVIL_CCDG_Broad_NP_Epilepsy_AUSAUS_EPIL_BA_MDS_WES	2019-12-09T21:01:07.074Z	fc-secure-9c348df7-4da1-428a-a785-e06db3a9f208	0	0	12	12	0	2.19E+10
AnVIL_CMG_Broad_Orphan_Manton_WES	2019-06-06T17:32:46.042Z	fc-secure-9cd5bace-0607-49c0-b62c-837aa8cf195d	452	452	0	452	452	1.08E+12
AnVIL_CMG_BaylorHopkins_HMB-IRB-NPU_WES	2021-02-03T15:21:46.124Z	fc-secure-9defae14-71f1-4096-a992-e24684ac890d	0	0	0	807	438	4.87E+12
AnVIL_CCDG_Broad_NP_Epilepsy_TWNCGM_HMB-NPU-ADULTS_WES	2020-05-12T15:58:55.376Z	fc-secure-9f2f0267-2df4-44e9-a6ae-dd1d3a43cca5	0	0	1017	1017	0	1.22E+12
AnVIL_CCDG_Broad_NP_Epilepsy_USAUPN_Rader_GRU_WES	2020-10-26T19:41:51.195Z	fc-secure-a065288d-5bb4-441c-95e9-0ffb20a6cf40	0	0	822	822	0	9.52E+11
AnVIL_CCDG_Broad_NP_Epilepsy_USAMGH_HMB_MDS_WES	2020-10-26T18:31:49.382Z	fc-secure-a473f80e-97a6-4c19-bd68-e37266efb44d	0	0	20	20	0	1.81E+10
AnVIL_CCDG_Baylor_CVD_Ventura_Presto_GRU-IRB_WGS	2020-12-02T00:43:09.955Z	fc-secure-a4bc968d-87fa-46d8-8716-76f70e5c6415	0	0	584	584	0	9.91E+12
ANVIL_CMG_YALE_DS-MC	2021-02-12T17:29:03.358Z	fc-secure-a65d8f5d-554d-43ab-9033-6c095936868b	0	289	0	747	741	5.42E+11
AnVIL_CCDG_Baylor_CVD_HemStroke_GERFHS_HMB_WGS	2020-12-02T00:47:46.949Z	fc-secure-a6c8533c-8111-4986-8621-0b6c633deff6	0	0	412	412	0	7.34E+12
AnVIL_CCDG_NYGC_NP_Autism_TASC_WGS	2019-06-06T17:34:46.571Z	fc-secure-a8d262fb-151c-4c3d-ac09-7957a168fd5e	0	0	0	905	905	2.28E+13
AnVIL_CCDG_WashU_CVD_EOCAD_Emory_WGS	2019-06-06T17:34:04.347Z	fc-secure-a941f3d7-5afc-4886-a4ab-c9d6a6459b1f	0	0	430	430	0	8.79E+12
AnVIL_CCDG_Broad_NP_Epilepsy_USACRW_DS_EP_MDS_WES	2019-12-12T16:21:27.233Z	fc-secure-ab235723-ed31-4242-b5ab-23c177a0e79c	0	0	326	326	0	6.07E+11
anvil_ccdg_broad_ai_ibd_daly_xavier_share_wes	2020-02-24T19:36:05.134Z	fc-secure-abc7f058-0260-4e82-a911-abfec3dcb676	0	0	733	733	0	6.73E+11
AnVIL_CCDG_Broad_NP_Epilepsy_KENKIL_GRU_WES	2020-05-08T19:00:38.749Z	fc-secure-ac202043-c5ef-4fb7-8ccb-62a274c1b8ec	0	0	448	448	0	3.92E+11
anvil_ccdg_broad_ai_ibd_daly_moayyedi_imagine_wes	2020-10-19T19:21:45.582Z	fc-secure-ac588f86-da2d-4a92-9f45-be2aeedd5fac	0	0	1301	1301	0	1.08E+12
AnVIL_CCDG_NYGC_NP_Autism_SEARCHLIGHT_DS_WGS	2020-11-06T19:47:01.784Z	fc-secure-ad3b9ebd-9a6e-490a-81a0-bda548231ed8	0	0	389	389	0	6.50E+12
AnVIL_CCDG_Broad_CVD_AFib_UCSF_WGS	2019-06-06T17:33:28.055Z	fc-secure-ad9305f6-4693-4b75-a64a-e9317b40abac	0	0	112	112	0	2.41E+12
AnVIL_CCDG_Broad_NP_Epilepsy_USAEGP_GRU_WES	2019-12-02T22:03:43.877Z	fc-secure-adba6cb8-c49c-405b-af7b-9980e4a9d36a	0	0	127	127	0	2.06E+11
AnVIL_CMG_Broad_Brain_Engle_WGS	2020-05-08T20:16:13.725Z	fc-secure-af14316e-6153-4aa0-b051-991daf7690ba	0	0	95	95	0	1.79E+12
AnVIL_CCDG_Baylor_CVD_TexGen_DS_WGS	2020-12-02T00:48:26.753Z	fc-secure-af8f60c0-6264-407d-ac9d-2da74d7f8a57	0	0	6461	6461	0	1.12E+14
AnVIL_CCDG_Broad_AI_IBD_McCauley_WGS	2019-06-06T17:33:44.626Z	fc-secure-afbf7a91-d826-4227-893f-f4a0dbee5cfa	0	0	913	913	0	1.15E+13
AnVIL_ccdg_asc_ndd_daly_talkowski_weiss_asd_exome	2020-04-24T15:48:28.288Z	fc-secure-b2f4e185-a21a-434a-9494-d1fabaaaf7c0	0	0	41	41	0	4.40E+10
AnVIL_CMG_Broad_Heart_PCGC-Tristani_WGS	2019-06-06T17:33:03.119Z	fc-secure-b3403ba6-aa05-40b0-99ba-2d465d711775	79	79	0	79	79	1.26E+12
AnVIL_ccdg_asc_ndd_daly_talkowski_pericak-vance_asd_wgs	2020-09-23T13:23:09.393Z	fc-secure-b39f3519-3601-46b6-b7bc-dedddbfd7306	0	0	295	295	0	5.22E+12
anvil_ccdg_broad_daly_igsr_1kg_twist_wes	2020-10-19T18:52:19.777Z	fc-secure-b41964ad-0c8a-47da-8504-f8636ff3d318	0	0	669	669	0	5.66E+11
AnVIL_CCDG_Broad_AI_IBD_Kugathasan_WGS	2019-06-06T17:33:55.309Z	fc-secure-b4316f22-8920-4b86-a8cd-2a4a7b356f0d	0	0	1351	1351	0	1.73E+13
AnVIL_CCDG_NYGC_NP_Autism_ACE2_GRU-MDS_WGS	2019-06-06T17:34:11.020Z	fc-secure-b6e37dad-6d9c-49b3-ba96-042a7de9f47c	0	0	0	839	839	1.74E+13
AnVIL_CMG_Broad_Kidney_Pollak_WES	2020-05-08T20:59:50.790Z	fc-secure-b70f8e79-a3c6-4a0a-916a-be77d77db610	0	0	147	147	0	2.55E+11
AnVIL_CCDG_Broad_NP_Epilepsy_USACRW_DS_SEIZD_WES	2019-12-12T16:18:11.840Z	fc-secure-b9906df4-3012-4c7b-a008-3c5708885971	0	0	152	152	0	3.10E+11
AnVIL_CCDG_WashU_CVD_MultiEthnic_WGS	2020-11-13T17:57:38.611Z	fc-secure-bae8180f-5cb1-4f57-b480-79ba9cfdd90e	0	0	7319	7319	0	1.19E+14
AnVIL_CMG_Yale_HMB	2021-02-12T18:05:36.520Z	fc-secure-bb7de72b-c51a-44a2-b275-c47b0650a65f	0	123	0	124	124	8.65E+10
AnVIL_CMG_Broad_Orphan_Scott_WES	2020-06-01T17:02:11.319Z	fc-secure-bc05aae4-fc19-427f-bbbf-da1cd17618b0	0	0	236	237	0	3.10E+11
AnVIL_CCDG_Broad_NP_Epilepsy_USAMON_GRU_NPU_WES	2020-10-22T21:14:05.271Z	fc-secure-bcc5d428-aed0-4814-aefc-f717b97d5106	0	0	4	4	0	3878409202
ANVIL_CCDG_Broad_CVD_EOCAD_PROMIS_ARRAY	2019-09-26T15:26:15.825Z	fc-secure-bd285ba8-8251-485b-af6e-5099af815dfd	0	0	0	0	0	0
AnVIL_CCDG_Broad_NP_Epilepsy_ZAFAGN_DS-EPI-COMO-MDS_WES	2020-05-12T15:10:00.811Z	fc-secure-bd923846-0b8b-4018-8706-44b2a8e213b4	0	0	503	503	0	4.50E+11
AnVIL_CCDG_Baylor_CVD_EOCAD_BioMe_WGS	2019-06-06T17:34:51.854Z	fc-secure-be0617df-a95e-468c-a83d-37b1c4fae931	0	0	0	1201	1201	2.62E+13
anvil_nhgri_broad_ibd_daly_turner_wes	2019-10-23T18:14:00.844Z	fc-secure-bee7792c-ef35-478d-a9bb-c8f2054c335c	0	0	155	155	0	3.17E+11
AnVIL_ccdg_asc_ndd_daly_talkowski_goethe_asd_exome	2020-04-24T01:36:52.189Z	fc-secure-bf34568b-1c38-4c43-8a21-59630b969553	0	0	2111	2111	0	2.55E+12
AnVIL_CMG_Broad_Muscle_KNC_WES	2019-06-06T17:32:38.676Z	fc-secure-bfb5d49c-a806-4c02-b1fe-51b64fc68ad6	44	44	20	64	44	1.39E+11
AnVIL_CCDG_Broad_NP_Epilepsy_HRVUZG_HMB_MDS_WES	2019-11-22T20:59:37.180Z	fc-secure-bfe6497b-69a1-4917-8a7b-c9bd36cb4ae4	0	0	36	36	0	6.40E+10
AnVIL_CMG_Broad_Heart_Seidman_WES	2019-06-06T17:32:35.936Z	fc-secure-bff96058-f8a8-40c2-808d-2b3627fb995f	129	129	0	129	129	2.23E+11
AnVIL_NIMH_Broad_ConvergentNeuro_McCarroll_Eggan_CIRM_GRU_WGS	2021-01-09T16:45:25.403Z	fc-secure-c0ec29b0-a7f4-4090-a479-fe826e0aeed1	0	0	299	303	0	5.30E+12
AnVIL_CCDG_NYGC_NP_Alz_WHICAP_WGS	2019-06-06T17:34:25.037Z	fc-secure-c327926b-a5aa-4b40-93b8-e092fa116e88	0	0	0	148	148	3.65E+12
anvil_ccdg_broad_ai_ibd_daly_xavier_prism_wes	2020-07-23T16:59:20.684Z	fc-secure-c40af798-8afc-4ab3-9b66-946955811d3b	0	0	2838	2838	0	5.12E+12
AnVIL_CCDG_WashU_CVD-NP-AI_Controls_VCControls_WGS	2019-06-06T17:34:33.847Z	fc-secure-c5377331-3721-4e3b-b8d0-03715d9b428a	0	0	112	112	0	2.65E+12
AnVIL_ccdg_asc_ndd_daly_talkowski_mcpartland_asd_exome	2020-08-17T16:38:06.609Z	fc-secure-c53831f7-0431-44e5-abe6-308270690c3b	0	0	518	518	0	5.12E+11
AnVIL_CCDG_WashU_CVD_Corogene_WGS	2020-11-13T17:50:31.232Z	fc-secure-c53f7f30-6128-4fbc-8ae4-2559a8dbc752	0	0	547	547	0	8.97E+12
AnVIL_CCDG_NYGC_NP_Autism_HMCA_WGS	2019-06-06T17:34:25.284Z	fc-secure-c7ffba40-1140-4c5e-8336-8032b7ec5f9e	0	0	0	724	724	1.72E+13
AnVIL_CMG_Broad_Muscle_Bonnemann_WGS	2019-06-06T17:32:52.117Z	fc-secure-c958fc6e-d4cf-42dd-b15a-271045adcd02	94	94	0	94	94	1.65E+12
AnVIL_ccdg_asc_ndd_daly_talkowski_hertz-picciotto_asd_wgs	2020-09-23T13:23:07.837Z	fc-secure-c96f6079-de25-4367-ae8b-1676f1898309	0	0	65	65	0	1.05E+12
AnVIL_ccdg_asc_ndd_daly_talkowski_persico_asd_exome	2020-04-28T16:34:28.845Z	fc-secure-cb3eeabf-f0ef-497e-9bc6-b5a27be4fec2	0	0	526	526	0	8.20E+11
AnVIL_CCDG_Broad_CVD_EOCAD_PROMIS_WGS	2019-06-06T17:34:17.464Z	fc-secure-cbf1f8fb-8185-46c9-9034-63073cbe7be7	0	0	1136	1136	0	1.56E+13
AnVIL_CCDG_Broad_CVD_AF_PEGASUS_HMB	2020-05-26T15:24:46.252Z	fc-secure-ccca1171-d3ee-42b3-8df8-aca336279cf3	0	0	7483	7483	0	6.37E+12
AnVIL_CCDG_Broad_NP_Epilepsy_JPNFKA_GRU_WES	2020-05-12T01:33:27.658Z	fc-secure-ce2baa61-748a-4dbc-a929-f256721b59b2	0	0	368	368	0	5.98E+11
AnVIL_CCDG_Baylor_CVD_HHRC_Brownsville_GRU_WGS	2020-12-02T00:41:49.983Z	fc-secure-ced72bfc-ed3b-4ffe-838c-0d4ccc7abfd1	0	0	276	276	0	5.02E+12
AnVIL_ccdg_asc_ndd_daly_talkowski_brusco_asd_exome	2020-04-24T15:51:09.787Z	fc-secure-d157fd3c-57ff-4640-a084-cecda832e575	0	0	2231	2231	0	2.87E+12
AnVIL_CCDG_NYGC_NP_Autism_GASD_GRU_WGS	2020-11-06T19:40:29.927Z	fc-secure-d24a56f9-7a81-48b7-b1be-1d0e0ae0ac06	0	0	392	392	0	6.32E+12
anvil_ccdg_broad_ai_ibd_daly_hyams_protect_wes	2020-10-16T23:38:14.436Z	fc-secure-d2c84e56-8f0d-420a-96a4-942e92009433	0	0	418	418	0	3.60E+11
AnVIL_NIMH_Broad_WGSPD1_McCarroll_Braff_DS_WGS	2020-07-22T19:11:31.868Z	fc-secure-d464ac64-ee30-4105-a70b-6e3cc29cbde9	0	0	864	864	0	2.01E+13
AnVIL_CCDG_Broad_CVD_AFib_Vanderbilt-Ablation_WGS	2019-05-30T17:47:12.234Z	fc-secure-d51e93aa-adc1-4628-a6f2-e0dd1f0900c8	0	0	2	2	0	3.98E+10
AnVIL_CCDG_Broad_AI_IBD_Brant_HMB_WGS	2019-06-06T17:33:46.577Z	fc-secure-d55d1c0c-b1e3-42e9-b452-20a81be1f84a	0	0	904	904	0	1.24E+13
AnVIL_CCDG_WashU_CVD_WHI_WGS	2020-11-13T17:58:53.103Z	fc-secure-d6b2ec0c-a216-4bc7-b1b3-be527db39d9a	0	0	886	886	0	9.77E+12
AnVIL_CMG_Broad_Muscle_Bonnemann_WES	2019-06-06T17:32:19.882Z	fc-secure-d7023612-d298-4f2b-b6bb-a1ea0524462a	253	253	0	253	253	8.50E+10
AnVIL_NIMH_Broad_ConvergentNeuro_McCarroll_Eggan_Finkel_SMA_DS_WGS	2020-12-17T19:22:57.168Z	fc-secure-d72b37f0-4431-48bf-b8f0-95b745deadbc	0	0	1	1	0	1.95E+10
AnVIL_ccdg_asc_ndd_daly_talkowski_parellada_asd_exome	2020-04-24T12:37:38.254Z	fc-secure-d7a002ea-7e1e-45fd-8e76-456fce471f17	0	0	2824	2824	0	4.29E+12
AnVIL_CCDG_Broad_CVD_EOCAD_PartnersBiobank_HMB_Arrays	2020-05-07T21:32:14.864Z	fc-secure-d89414d1-3705-4720-8632-fd35669391da	0	0	13152	13152	0	3.46E+12
AnVIL_CCDG_Broad_CVD_PROMIS_GRU_WES	2020-05-18T21:12:19.419Z	fc-secure-d8de1fe3-972d-480f-a8a8-2bbc251add30	0	0	16808	16808	0	3.05E+13
AnVIL_NIMH_Broad_WGSPD1_McCarroll_Braff_DS_10XLRGenomes	2020-07-31T17:52:59.356Z	fc-secure-d9b63011-afd3-4f3d-860c-13593bb1c55f	0	0	0	187	187	1.16E+13
AnVIL_CMG_Broad_Orphan_Manton_WGS	2019-06-06T17:32:51.917Z	fc-secure-da00680d-3e1e-49a1-ba71-82ca679a7b7f	43	43	0	43	43	7.56E+11
AnVIL_CCDG_Broad_NP_Epilepsy_NZLUTO_EPIL_BC_ID_MDS_WES	2019-12-11T21:29:52.324Z	fc-secure-dccff364-c2ff-42df-8c8e-f979a0472c11	0	0	263	263	0	3.88E+11
AnVIL_CCDG_Broad_NP_Epilepsy_USAMON_GRU_WES	2020-10-22T21:06:19.372Z	fc-secure-de72ef13-9b7f-44db-9428-5df489d327ce	0	0	239	239	0	2.92E+11
AnVIL_CCDG_Broad_NP_Epilepsy_GBRUNL_EP_ETIOLOGY_MDS_WES	2019-12-11T15:15:22.358Z	fc-secure-e0034430-99a3-4dde-99d3-a2330cd90f19	0	0	458	458	0	9.21E+11
AnVIL_CCDG_Broad_CVD_Stroke_BRAVE_WGS	2019-06-06T17:33:13.035Z	fc-secure-e14b3e8e-156e-4264-b8f2-43664206ca0c	0	0	496	496	0	6.34E+12
AnVIL_CCDG_WashU_CVD_EOCAD_Emerge_WGS	2019-06-06T17:33:44.293Z	fc-secure-e40316e1-165b-44ae-82cb-7136c37aacdb	0	0	277	277	0	5.52E+12
AnVIL_CMG_Yale_HMB-GSO	2021-02-12T17:55:58.199Z	fc-secure-e4285fd8-92c5-43e1-96b7-c6c092a6c19f	0	2341	0	4263	4227	3.62E+12
AnVIL_CCDG_Broad_NP_Epilepsy_USACCF_HMB-MDS_WES	2020-05-12T02:44:04.297Z	fc-secure-e4b45d7c-3fee-479f-83e9-8c85312cb8da	0	0	380	380	0	4.30E+11
AnVIL_ccdg_asc_ndd_daly_talkowski_minshew_asd_exome	2020-04-24T12:12:56.616Z	fc-secure-e5676c90-7028-4b68-b620-c6944514d52c	0	0	239	239	0	3.80E+11
AnVIL_CMG_Broad_Blood_Fleming_WES	2020-05-08T20:52:58.330Z	fc-secure-e64f388d-9f45-4833-b118-6aaa0e62adb2	0	0	0	0	0	0
AnVIL_CCDG_WashU_CVD_EOCAD_Duke_WGS	2019-06-06T17:34:12.676Z	fc-secure-e66447ae-c1b8-4a5b-a3e6-2bed1ca59d8f	0	0	1051	1051	0	2.18E+13
AnVIL_CCDG_Broad_NP_Epilepsy_GBRUCL_DS_EARET_MDS_WES	2019-12-02T22:04:59.346Z	fc-secure-e92b8081-5e6a-440c-af83-4d428f505529	0	0	684	684	0	1.25E+12
anvil_ccdg_broad_ai_ibd_daly_franchimont_wes	2019-12-17T21:05:05.392Z	fc-secure-e99706c4-48f9-4a69-baf4-70d1c5eaac5c	0	0	5090	5695	0	4.50E+12
AnVIL_CCDG_Broad_CVD_EOCAD_PartnersBiobank_HMB_WES	2020-05-06T14:54:38.012Z	fc-secure-ead0ff8d-eee9-4299-bb54-8404ffe9fa22	0	0	13332	13332	0	1.29E+13
AnVIL_CMG_Broad_Muscle_Ravenscroft_WES	2019-06-06T17:32:55.874Z	fc-secure-ec1b4053-dd9e-4fb6-8939-5910477d4ec6	35	35	0	35	35	4.98E+10
AnVIL_CCDG_WashU_CVD_EOCAD_Cleveland_WGS	2019-06-06T17:34:01.306Z	fc-secure-ec1e8941-0ccb-41db-bc39-1ddf558a06c2	0	0	348	348	0	6.89E+12
AnVIL_CCDG_NYGC_NP_Autism_SPARK_GRU_WGS	2020-11-06T19:43:02.186Z	fc-secure-ec3a8ac1-4929-4338-8a2f-487c6fa6a218	0	0	12622	12622	0	2.60E+14
AnVIL_CCDG_Broad_CVD_AFib_Duke_WGS	2019-06-06T17:33:39.324Z	fc-secure-ed4bfb0f-b490-4523-bb2d-af58735df6ab	0	0	123	123	0	2.56E+12
AnVIL_CCDG_Broad_NP_Epilepsy_USAMON_GRU_GSRS_WES	2020-10-22T21:25:47.723Z	fc-secure-ed823158-2149-493f-80d0-ff066cb14a85	0	0	47	47	0	4.24E+10
AnVIL_CMG_Broad_Orphan_VCGS-White_WGS	2019-06-06T17:32:53.850Z	fc-secure-efe57a60-2421-405d-85f4-90d5af86e30b	66	66	0	66	66	1.10E+12
AnVIL_CCDG_NYGC_NP_Autism_AGRE_WGS	2019-06-06T17:34:33.147Z	fc-secure-f20281f0-d586-432c-b790-b44eb5098d01	0	0	0	4601	4601	1.06E+14
AnVIL_CCDG_NYGC_NP_Autism_AFS_DS_WGS	2020-11-06T19:51:46.286Z	fc-secure-f26bf965-6554-4da5-ac6d-d04ea7d604b7	0	0	729	729	0	1.17E+13
AnVIL_CMG_Broad_Muscle_Myoseq_WGS	2019-06-06T17:32:51.587Z	fc-secure-f2f4cf5f-bda3-4608-89b4-0c218f6dc6e8	10	10	0	10	10	1.86E+11
AnVIL_CCDG_Baylor_CVD_ARIC	2019-09-19T14:45:07.257Z	fc-secure-f5d884c0-a24c-46e6-8c29-cad7f5b158c7	0	0	0	8975	8975	2.30E+14
AnVIL_CMG_Broad_Muscle_Kang_WGS	2019-06-06T17:32:53.442Z	fc-secure-f71ce5b2-bdd4-461b-a7fd-833d9c9a6b85	2	2	0	2	2	3.75E+10
AnVIL_CCDG_Baylor_CVD_AFib_Groningen_WGS	2019-06-06T17:34:17.299Z	fc-secure-f7f06a5e-1c5f-4d2e-b195-dd668d9d4b55	0	0	0	639	639	1.39E+13
anvil_ccdg_broad_ai_ibd_daly_stampfer_wes	2019-11-25T15:38:18.657Z	fc-secure-fba19c6f-984e-4616-b253-6d9e6ea5cec5	0	0	1489	1489	0	1.41E+12
AnVIL_CMG_Broad_Eye_Pierce_WGS	2019-06-06T17:32:53.845Z	fc-secure-fc0f573c-c14b-4a98-8e94-b8728fd2a1a1	35	35	0	35	35	6.37E+11
AnVIL_CCDG_Broad_NP_Epilepsy_USAHEP_GRU_WES	2019-12-09T20:36:07.934Z	fc-secure-fd756575-ba39-4893-8b85-b6dfbb376f3b	0	0	322	322	0	4.46E+11
AnVIL_CCDG_Broad_MI_UnivUtah_DS_CVD_WES	2020-01-10T15:14:25.658Z	fc-secure-fdaa7a52-520b-461b-a2d2-e31bf92e8e86	0	0	1471	1471	0	2.51E+12
AnVIL_CCDG_Broad_NP_Epilepsy_ITAICB_HMB_NPU_MDS_WES	2019-11-27T19:34:38.459Z	fc-secure-fe950bf8-0470-4329-b8c9-8a42d0dd619d	0	0	424	424	0	5.62E+11
AnVIL_GTEx_V8_hg38	2019-05-23T17:17:00.849Z	fc-secure-ff8156a3-ddf3-42e4-9211-0fd89da62108	0	0	979	17382	0	1.82E+14
AnVIL_CCDG_Baylor_CVD_HemStroke_Regards_DS_WGS	2020-12-02T00:43:36.764Z	fc-secure-ffc72fe8-aa14-4a33-81a8-6bd0f269f834	0	0	121	121	0	2.17E+12